Variable,PCC,Pearson,PRCC,Spearman,SRC,SRRC
"[x1,x2,x3]",0.4353237619483577,0.4352717526175816,0.4351639205291969,0.435133209415332,0.4353134838613477,0.4351414551488429
"[x1,x2,x3]",0.0100785158333531,0.0083247991332211,0.0127095967198735,0.0107139167631391,0.0090736322691299,0.0114433756572979
"[x1,x2,x3]",0.0056614694639075,0.0027879179827391,-0.0023407611156624,-0.004462309328623,0.0050968747637413,-0.0021074198477361
