Variable,Correlation_Coefficient
"[x1,x2,x3]",0.4353237619483577
"[x1,x2,x3]",0.010078515833353164
"[x1,x2,x3]",0.005661469463907568
