Variable,Correlation_Coefficient
"[x1,x2,x3]",0.4352717526175816
"[x1,x2,x3]",0.008324799133221188
"[x1,x2,x3]",0.0027879179827391366
