Variable,Correlation_Coefficient
"[x1,x2,x3]",0.4351639205291969
"[x1,x2,x3]",0.012709596719873558
"[x1,x2,x3]",-0.002340761115662469
