Variable,Correlation_Coefficient
"[x1,x2,x3]",0.43513320941533207
"[x1,x2,x3]",0.010713916763139167
"[x1,x2,x3]",-0.004462309328623093
