Variable,Correlation_Coefficient
"[x1,x2,x3]",0.43531348386134777
"[x1,x2,x3]",0.009073632269129954
"[x1,x2,x3]",0.00509687476374138
