Variable,Correlation_Coefficient
"[x1,x2,x3]",0.4351414551488429
"[x1,x2,x3]",0.011443375657297946
"[x1,x2,x3]",-0.0021074198477361765
