Inputs,Sobol Index,Upper Bound,Lower Bound
x1,0.334197,0.271021,0.410483
x2,0.42868,0.339276,0.507298
x3,-0.0246479,-0.121603,0.0709284
