Inputs,Sobol Index,Upper Bound,Lower Bound
S_w,0.125555,0.0920645,0.161847
W_fw,-0.00944022,-0.0447008,0.0252388
A,0.196547,0.161736,0.233181
Lambda,-0.00908141,-0.044179,0.0254227
q,-0.00948455,-0.0446143,0.0251116
ell,-0.0067937,-0.0417551,0.0279462
t_c,0.142395,0.108882,0.177104
N_z,0.409316,0.374941,0.446788
W_dg,0.0823653,0.046498,0.117502
W_p,-0.00626991,-0.041367,0.0284758
