Sample Size,Expectation,Variance,Standard Deviation
2000.0,267.7312638997731,0.2932267202252928,0.5415041276161178
