Inputs,Sobol Index,Upper Bound,Lower Bound
x1,0.538721,0.410557,0.686755
x2,0.440278,0.29451,0.575404
x3,0.2622,0.164406,0.357205
